{"cameraMode":{"drawMode":0,"name":"Shaded","section":"Shading Mode"},"sceneLighting":true,"audioPlay":false,"sceneViewState":{"showFog":true,"showMaterialUpdate":false,"showSkybox":true,"showFlares":true,"showImageEffects":true,"showParticleSystems":true},"in2DMode":false,"pivot":{"x":-103.380615234375,"y":-28.57250213623047,"z":1911.577392578125},"rotation":{"x":-0.16614633798599244,"y":0.6016531586647034,"z":-0.12974753975868226,"w":-0.7704379558563232},"size":307.2110290527344,"orthographic":false}