{"cameraMode":{"drawMode":0,"name":"Shaded","section":"Shading Mode"},"sceneLighting":false,"audioPlay":false,"sceneViewState":{"showFog":true,"showMaterialUpdate":false,"showSkybox":true,"showFlares":true,"showImageEffects":true,"showParticleSystems":true},"in2DMode":false,"pivot":{"x":-39.54209518432617,"y":1.7569022178649903,"z":-33.930877685546878},"rotation":{"x":-0.013245968148112297,"y":-0.9867517948150635,"z":0.1132894977927208,"w":-0.11537350714206696},"size":4.041658401489258,"orthographic":false}