{"cameraMode":{"drawMode":0,"name":"Shaded","section":"Shading Mode"},"sceneLighting":false,"audioPlay":false,"sceneViewState":{"showFog":true,"showMaterialUpdate":false,"showSkybox":true,"showFlares":true,"showImageEffects":true,"showParticleSystems":true},"in2DMode":false,"pivot":{"x":-4.219329833984375,"y":1.0,"z":0.6319694519042969},"rotation":{"x":-0.3113637864589691,"y":0.09585543721914292,"z":-0.03158571571111679,"w":-0.9449162483215332},"size":18.935937881469728,"orthographic":false}