{"cameraMode":{"drawMode":0,"name":"Shaded","section":"Shading Mode"},"sceneLighting":false,"audioPlay":false,"sceneViewState":{"showFog":true,"showMaterialUpdate":false,"showSkybox":true,"showFlares":true,"showImageEffects":true,"showParticleSystems":true},"in2DMode":false,"pivot":{"x":0.0,"y":0.8895275592803955,"z":0.06487263739109039},"rotation":{"x":-0.02880537137389183,"y":-0.00689940620213747,"z":0.00019891635747626424,"w":-0.9995612502098084},"size":4.838499069213867,"orthographic":false}