{"cameraMode":{"drawMode":0,"name":"Shaded","section":"Shading Mode"},"sceneLighting":false,"audioPlay":false,"sceneViewState":{"showFog":true,"showMaterialUpdate":false,"showSkybox":true,"showFlares":true,"showImageEffects":true,"showParticleSystems":true},"in2DMode":false,"pivot":{"x":-2.824960947036743,"y":2.130784511566162,"z":4.486978054046631},"rotation":{"x":-0.10420484840869904,"y":-0.008950951509177685,"z":0.00093785987701267,"w":-0.9945151805877686},"size":16.22880744934082,"orthographic":false}