{"cameraMode":{"drawMode":0,"name":"Shaded","section":"Shading Mode"},"sceneLighting":false,"audioPlay":false,"sceneViewState":{"showFog":true,"showMaterialUpdate":false,"showSkybox":true,"showFlares":true,"showImageEffects":true,"showParticleSystems":true},"in2DMode":false,"pivot":{"x":-0.4168727397918701,"y":-0.33190852403640749,"z":0.18664249777793885},"rotation":{"x":-0.06737062335014343,"y":0.7633525729179382,"z":-0.08068720251321793,"w":-0.6373724937438965},"size":2.0460922718048097,"orthographic":false}