{"cameraMode":{"drawMode":0,"name":"Shaded","section":"Shading Mode"},"sceneLighting":false,"audioPlay":false,"sceneViewState":{"showFog":true,"showMaterialUpdate":false,"showSkybox":true,"showFlares":true,"showImageEffects":true,"showParticleSystems":true},"in2DMode":false,"pivot":{"x":337.382568359375,"y":10.794075012207032,"z":108.584228515625},"rotation":{"x":0.09146546572446823,"y":-0.13105806708335877,"z":0.012143764644861222,"w":0.9870716333389282},"size":52.83314895629883,"orthographic":false}