{"cameraMode":{"drawMode":0,"name":"Shaded","section":"Shading Mode"},"sceneLighting":false,"audioPlay":false,"sceneViewState":{"showFog":true,"showMaterialUpdate":false,"showSkybox":true,"showFlares":true,"showImageEffects":true,"showParticleSystems":true},"in2DMode":false,"pivot":{"x":0.024800779297947885,"y":2.313098669052124,"z":0.20221078395843507},"rotation":{"x":0.013188190758228302,"y":-0.014400557614862919,"z":-0.00018986630311701447,"w":-0.9998093843460083},"size":4.739488124847412,"orthographic":false}