{"cameraMode":{"drawMode":0,"name":"Shaded","section":"Shading Mode"},"sceneLighting":false,"audioPlay":false,"sceneViewState":{"showFog":true,"showMaterialUpdate":false,"showSkybox":true,"showFlares":true,"showImageEffects":true,"showParticleSystems":true},"in2DMode":false,"pivot":{"x":-1.1084163188934327,"y":1.0,"z":-1.4943777322769166},"rotation":{"x":0.12407387793064118,"y":0.04077198728919029,"z":-0.005102694965898991,"w":0.9914218783378601},"size":16.34069061279297,"orthographic":true}