{"cameraMode":{"drawMode":0,"name":"Shaded","section":"Shading Mode"},"sceneLighting":false,"audioPlay":false,"sceneViewState":{"showFog":true,"showMaterialUpdate":false,"showSkybox":true,"showFlares":true,"showImageEffects":true,"showParticleSystems":true},"in2DMode":false,"pivot":{"x":580.0984497070313,"y":350.17889404296877,"z":-32.180973052978519},"rotation":{"x":-0.0719313845038414,"y":0.013464601710438729,"z":-0.000971155590377748,"w":-0.9973182082176209},"size":1078.876953125,"orthographic":true}