{"cameraMode":{"drawMode":0,"name":"Shaded","section":"Shading Mode"},"sceneLighting":false,"audioPlay":false,"sceneViewState":{"showFog":true,"showMaterialUpdate":false,"showSkybox":true,"showFlares":true,"showImageEffects":true,"showParticleSystems":true},"in2DMode":false,"pivot":{"x":-3.048828125,"y":2.12353515625,"z":2.17962646484375},"rotation":{"x":0.020864520221948625,"y":-0.7183549404144287,"z":0.0215498898178339,"w":0.6950297951698303},"size":14.722143173217774,"orthographic":true}