{"cameraMode":{"drawMode":0,"name":"Shaded","section":"Shading Mode"},"sceneLighting":false,"audioPlay":false,"sceneViewState":{"showFog":true,"showMaterialUpdate":false,"showSkybox":true,"showFlares":true,"showImageEffects":true,"showParticleSystems":true},"in2DMode":false,"pivot":{"x":1.0598334074020386,"y":1.3848761320114136,"z":3.6059365272521974},"rotation":{"x":-0.12595531344413758,"y":-0.017263023182749749,"z":0.0021922297310084106,"w":-0.9918833374977112},"size":16.22880744934082,"orthographic":false}