{"cameraMode":{"drawMode":0,"name":"Shaded","section":"Shading Mode"},"sceneLighting":false,"audioPlay":false,"sceneViewState":{"showFog":true,"showMaterialUpdate":false,"showSkybox":true,"showFlares":true,"showImageEffects":true,"showParticleSystems":true},"in2DMode":false,"pivot":{"x":0.0,"y":0.8625575304031372,"z":-0.06515046954154968},"rotation":{"x":-0.013245968148112297,"y":-0.9867517948150635,"z":0.1132894977927208,"w":-0.11537350714206696},"size":4.782961845397949,"orthographic":false}