{"cameraMode":{"drawMode":0,"name":"Shaded","section":"Shading Mode"},"sceneLighting":false,"audioPlay":false,"sceneViewState":{"showFog":true,"showMaterialUpdate":false,"showSkybox":true,"showFlares":true,"showImageEffects":true,"showParticleSystems":true},"in2DMode":false,"pivot":{"x":4.0,"y":0.8463600873947144,"z":0.0322171151638031},"rotation":{"x":-0.12595531344413758,"y":-0.017263023182749749,"z":0.0021922297310084106,"w":-0.9918833374977112},"size":4.715814113616943,"orthographic":false}