{"cameraMode":{"drawMode":0,"name":"Shaded","section":"Shading Mode"},"sceneLighting":false,"audioPlay":false,"sceneViewState":{"showFog":true,"showMaterialUpdate":false,"showSkybox":true,"showFlares":true,"showImageEffects":true,"showParticleSystems":true},"in2DMode":false,"pivot":{"x":4.146999835968018,"y":2.2300000190734865,"z":0.0},"rotation":{"x":0.24641992151737214,"y":0.010758955031633377,"z":-0.0027359575033187868,"w":0.9690995812416077},"size":5.102343559265137,"orthographic":true}