{"cameraMode":{"drawMode":0,"name":"Shaded","section":"Shading Mode"},"sceneLighting":false,"audioPlay":false,"sceneViewState":{"showFog":true,"showMaterialUpdate":false,"showSkybox":true,"showFlares":true,"showImageEffects":true,"showParticleSystems":true},"in2DMode":false,"pivot":{"x":35.315834045410159,"y":1.5198678970336915,"z":28.619842529296876},"rotation":{"x":-0.11275346577167511,"y":0.1798914670944214,"z":-0.020762404426932336,"w":-0.9769824147224426},"size":1.8000593185424805,"orthographic":false}