{"cameraMode":{"drawMode":0,"name":"Shaded","section":"Shading Mode"},"sceneLighting":false,"audioPlay":false,"sceneViewState":{"showFog":true,"showMaterialUpdate":false,"showSkybox":true,"showFlares":true,"showImageEffects":true,"showParticleSystems":true},"in2DMode":false,"pivot":{"x":5.368463516235352,"y":1.372650146484375,"z":-2.7472171783447267},"rotation":{"x":0.21333061158657075,"y":0.7866137623786926,"z":-0.41493460536003115,"w":0.4044232964515686},"size":22.0,"orthographic":false}