{"cameraMode":{"drawMode":0,"name":"Shaded","section":"Shading Mode"},"sceneLighting":false,"audioPlay":false,"sceneViewState":{"showFog":true,"showMaterialUpdate":false,"showSkybox":true,"showFlares":true,"showImageEffects":true,"showParticleSystems":true},"in2DMode":false,"pivot":{"x":13.927262306213379,"y":3.2852063179016115,"z":25.69482421875},"rotation":{"x":-0.2246120274066925,"y":0.08376997709274292,"z":-0.019385885447263719,"w":-0.9706473350524902},"size":69.77556610107422,"orthographic":false}