{"cameraMode":{"drawMode":0,"name":"Shaded","section":"Shading Mode"},"sceneLighting":false,"audioPlay":false,"sceneViewState":{"showFog":true,"showMaterialUpdate":false,"showSkybox":true,"showFlares":true,"showImageEffects":true,"showParticleSystems":true},"in2DMode":false,"pivot":{"x":-0.11243712902069092,"y":1.4675514698028565,"z":-0.231154203414917},"rotation":{"x":0.15026597678661347,"y":0.3002992868423462,"z":-0.047968387603759769,"w":0.9407122731208801},"size":2.700057029724121,"orthographic":false}