{"cameraMode":{"drawMode":0,"name":"Shaded","section":"Shading Mode"},"sceneLighting":false,"audioPlay":false,"sceneViewState":{"showFog":true,"showMaterialUpdate":false,"showSkybox":true,"showFlares":true,"showImageEffects":true,"showParticleSystems":true},"in2DMode":false,"pivot":{"x":0.03711658716201782,"y":0.05571434646844864,"z":-0.10510057210922241},"rotation":{"x":0.15766432881355287,"y":-0.40001025795936587,"z":0.07006648182868958,"w":0.900124728679657},"size":3.4606025218963625,"orthographic":false}