{"cameraMode":{"drawMode":0,"name":"Shaded","section":"Shading Mode"},"sceneLighting":false,"audioPlay":false,"sceneViewState":{"showFog":true,"showMaterialUpdate":false,"showSkybox":true,"showFlares":true,"showImageEffects":true,"showParticleSystems":true},"in2DMode":false,"pivot":{"x":0.21734604239463807,"y":0.7914662957191467,"z":0.0007467977702617645},"rotation":{"x":0.016398895531892778,"y":-0.7521554827690125,"z":0.018733181059360505,"w":0.6585152745246887},"size":2.752833366394043,"orthographic":false}