{"cameraMode":{"drawMode":0,"name":"Shaded","section":"Shading Mode"},"sceneLighting":false,"audioPlay":false,"sceneViewState":{"showFog":true,"showMaterialUpdate":false,"showSkybox":true,"showFlares":true,"showImageEffects":true,"showParticleSystems":true},"in2DMode":false,"pivot":{"x":-28.392898559570314,"y":1.5290241241455079,"z":-39.5468635559082},"rotation":{"x":0.03619461879134178,"y":-0.7114498615264893,"z":-0.03674397990107536,"w":-0.7008416056632996},"size":2.857893466949463,"orthographic":false}