{"cameraMode":{"drawMode":0,"name":"Shaded","section":"Shading Mode"},"sceneLighting":false,"audioPlay":false,"sceneViewState":{"showFog":true,"showMaterialUpdate":false,"showSkybox":true,"showFlares":true,"showImageEffects":true,"showParticleSystems":true},"in2DMode":false,"pivot":{"x":0.9029697179794312,"y":9.370487213134766,"z":2.9348106384277345},"rotation":{"x":-0.24726612865924836,"y":0.018011366948485376,"z":-0.004598324652761221,"w":-0.9687693119049072},"size":22.0,"orthographic":false}