{"cameraMode":{"drawMode":0,"name":"Shaded","section":"Shading Mode"},"sceneLighting":false,"audioPlay":false,"sceneViewState":{"showFog":true,"showMaterialUpdate":false,"showSkybox":true,"showFlares":true,"showImageEffects":true,"showParticleSystems":true},"in2DMode":false,"pivot":{"x":0.37661266326904299,"y":-0.016082659363746644,"z":-0.3544405698776245},"rotation":{"x":-0.03835747018456459,"y":0.04254584014415741,"z":-0.0016357528511434794,"w":-0.9983566403388977},"size":2.1805670261383058,"orthographic":false}