{"cameraMode":{"drawMode":0,"name":"Shaded","section":"Shading Mode"},"sceneLighting":false,"audioPlay":false,"sceneViewState":{"showFog":true,"showMaterialUpdate":false,"showSkybox":true,"showFlares":true,"showImageEffects":true,"showParticleSystems":true},"in2DMode":false,"pivot":{"x":-2.690000057220459,"y":0.7900000214576721,"z":0.0},"rotation":{"x":-0.037805549800395969,"y":0.29672014713287356,"z":0.011757138185203076,"w":0.9541434645652771},"size":5.20535945892334,"orthographic":false}