{"cameraMode":{"drawMode":0,"name":"Shaded","section":"Shading Mode"},"sceneLighting":false,"audioPlay":false,"sceneViewState":{"showFog":true,"showMaterialUpdate":false,"showSkybox":true,"showFlares":true,"showImageEffects":true,"showParticleSystems":true},"in2DMode":false,"pivot":{"x":-0.48741376399993899,"y":-0.11914950609207154,"z":-0.03911462426185608},"rotation":{"x":0.016398895531892778,"y":-0.7521554827690125,"z":0.018733181059360505,"w":0.6585152745246887},"size":2.1051740646362306,"orthographic":false}