{"cameraMode":{"drawMode":0,"name":"Shaded","section":"Shading Mode"},"sceneLighting":false,"audioPlay":false,"sceneViewState":{"showFog":true,"showMaterialUpdate":false,"showSkybox":true,"showFlares":true,"showImageEffects":true,"showParticleSystems":true},"in2DMode":false,"pivot":{"x":-5.99268913269043,"y":2.504173755645752,"z":2.7509689331054689},"rotation":{"x":-0.030504215508699418,"y":-0.07788445055484772,"z":-0.0023838200140744449,"w":0.9964928030967712},"size":7.362061500549316,"orthographic":false}