{"cameraMode":{"drawMode":0,"name":"Shaded","section":"Shading Mode"},"sceneLighting":false,"audioPlay":false,"sceneViewState":{"showFog":true,"showMaterialUpdate":false,"showSkybox":true,"showFlares":true,"showImageEffects":true,"showParticleSystems":true},"in2DMode":false,"pivot":{"x":-1.2435250282287598,"y":-0.10793745517730713,"z":0.3224852681159973},"rotation":{"x":-0.16536585986614228,"y":0.6843733191490173,"z":-0.16378477215766908,"w":-0.690986156463623},"size":2.8578836917877199,"orthographic":false}