{"cameraMode":{"drawMode":0,"name":"Shaded","section":"Shading Mode"},"sceneLighting":false,"audioPlay":false,"sceneViewState":{"showFog":true,"showMaterialUpdate":false,"showSkybox":true,"showFlares":true,"showImageEffects":true,"showParticleSystems":true},"in2DMode":false,"pivot":{"x":0.3088643550872803,"y":0.2699211537837982,"z":0.7639474868774414},"rotation":{"x":-0.12261280417442322,"y":0.6807916760444641,"z":-0.11714489758014679,"w":-0.7125769257545471},"size":2.752833604812622,"orthographic":false}