{"cameraMode":{"drawMode":0,"name":"Shaded","section":"Shading Mode"},"sceneLighting":false,"audioPlay":false,"sceneViewState":{"showFog":true,"showMaterialUpdate":false,"showSkybox":true,"showFlares":true,"showImageEffects":true,"showParticleSystems":true},"in2DMode":false,"pivot":{"x":-0.5030486583709717,"y":0.516747772693634,"z":-1.0720057487487794},"rotation":{"x":-0.01288194302469492,"y":-0.7752766609191895,"z":0.01581856980919838,"w":-0.6312922835350037},"size":2.805819272994995,"orthographic":false}