{"cameraMode":{"drawMode":0,"name":"Shaded","section":"Shading Mode"},"sceneLighting":false,"audioPlay":false,"sceneViewState":{"showFog":true,"showMaterialUpdate":false,"showSkybox":true,"showFlares":true,"showImageEffects":true,"showParticleSystems":true},"in2DMode":false,"pivot":{"x":-0.917719304561615,"y":0.5452190041542053,"z":0.29525110125541689},"rotation":{"x":0.040987323969602588,"y":-0.7348287105560303,"z":-0.04458601400256157,"w":-0.6755433678627014},"size":1.3590229749679566,"orthographic":false}