{"cameraMode":{"drawMode":0,"name":"Shaded","section":"Shading Mode"},"sceneLighting":false,"audioPlay":false,"sceneViewState":{"showFog":true,"showMaterialUpdate":false,"showSkybox":true,"showFlares":true,"showImageEffects":true,"showParticleSystems":true},"in2DMode":false,"pivot":{"x":0.004811975173652172,"y":0.1441718339920044,"z":-0.009395474568009377},"rotation":{"x":-0.03209202364087105,"y":0.016490859910845758,"z":0.0005298976902849972,"w":0.9993487596511841},"size":0.7582294344902039,"orthographic":false}