{"cameraMode":{"drawMode":0,"name":"Shaded","section":"Shading Mode"},"sceneLighting":false,"audioPlay":false,"sceneViewState":{"showFog":true,"showMaterialUpdate":false,"showSkybox":true,"showFlares":true,"showImageEffects":true,"showParticleSystems":true},"in2DMode":false,"pivot":{"x":0.37661266326904299,"y":-0.016082659363746644,"z":-0.3544405698776245},"rotation":{"x":-0.24726612865924836,"y":0.018011366948485376,"z":-0.004598324652761221,"w":-0.9687693119049072},"size":2.1805670261383058,"orthographic":false}