{"cameraMode":{"drawMode":0,"name":"Shaded","section":"Shading Mode"},"sceneLighting":false,"audioPlay":false,"sceneViewState":{"showFog":true,"showMaterialUpdate":false,"showSkybox":true,"showFlares":true,"showImageEffects":true,"showParticleSystems":true},"in2DMode":false,"pivot":{"x":-31.04850959777832,"y":17.588619232177736,"z":-46.47099685668945},"rotation":{"x":-0.3285140097141266,"y":0.05859233811497688,"z":-0.020424826070666314,"w":-0.9424586892127991},"size":22.0,"orthographic":false}