{"cameraMode":{"drawMode":0,"name":"Shaded","section":"Shading Mode"},"sceneLighting":false,"audioPlay":false,"sceneViewState":{"showFog":true,"showMaterialUpdate":false,"showSkybox":true,"showFlares":true,"showImageEffects":true,"showParticleSystems":true},"in2DMode":false,"pivot":{"x":-40.34000015258789,"y":2.5,"z":-35.400001525878909},"rotation":{"x":0.05313192680478096,"y":-0.09481483697891236,"z":0.005068064667284489,"w":0.994063138961792},"size":7.972906112670898,"orthographic":false}