{"cameraMode":{"drawMode":0,"name":"Shaded","section":"Shading Mode"},"sceneLighting":false,"audioPlay":false,"sceneViewState":{"showFog":true,"showMaterialUpdate":false,"showSkybox":true,"showFlares":true,"showImageEffects":true,"showParticleSystems":true},"in2DMode":false,"pivot":{"x":0.3192378878593445,"y":17.156749725341798,"z":43.36690139770508},"rotation":{"x":0.2744794189929962,"y":-0.04757460206747055,"z":0.013597836717963219,"w":0.9603191614151001},"size":26.636783599853517,"orthographic":false}