{"cameraMode":{"drawMode":0,"name":"Shaded","section":"Shading Mode"},"sceneLighting":false,"audioPlay":false,"sceneViewState":{"showFog":true,"showMaterialUpdate":false,"showSkybox":true,"showFlares":true,"showImageEffects":true,"showParticleSystems":true},"in2DMode":false,"pivot":{"x":-40.34000015258789,"y":1.0,"z":-35.400001525878909},"rotation":{"x":0.25137338042259219,"y":-0.04643768072128296,"z":0.012075202539563179,"w":0.9667001962661743},"size":4.041658401489258,"orthographic":false}