{"cameraMode":{"drawMode":0,"name":"Shaded","section":"Shading Mode"},"sceneLighting":false,"audioPlay":false,"sceneViewState":{"showFog":true,"showMaterialUpdate":false,"showSkybox":true,"showFlares":true,"showImageEffects":true,"showParticleSystems":true},"in2DMode":false,"pivot":{"x":-5.039648056030273,"y":11.316559791564942,"z":26.601070404052736},"rotation":{"x":-0.7081539034843445,"y":-0.004236246924847364,"z":0.0042489743791520599,"w":-0.7060326337814331},"size":43.0859489440918,"orthographic":false}