{"cameraMode":{"drawMode":0,"name":"Shaded","section":"Shading Mode"},"sceneLighting":false,"audioPlay":false,"sceneViewState":{"showFog":true,"showMaterialUpdate":false,"showSkybox":true,"showFlares":true,"showImageEffects":true,"showParticleSystems":true},"in2DMode":false,"pivot":{"x":0.0,"y":1.4045361280441285,"z":0.0000019073486328125},"rotation":{"x":0.0814177393913269,"y":0.6207857728004456,"z":-0.06504799425601959,"w":0.777023196220398},"size":11.173378944396973,"orthographic":false}