{"cameraMode":{"drawMode":0,"name":"Shaded","section":"Shading Mode"},"sceneLighting":false,"audioPlay":false,"sceneViewState":{"showFog":true,"showMaterialUpdate":false,"showSkybox":true,"showFlares":true,"showImageEffects":true,"showParticleSystems":true},"in2DMode":false,"pivot":{"x":1.0716397762298585,"y":0.3855246901512146,"z":-0.6757912635803223},"rotation":{"x":0.015906676650047303,"y":0.9825035333633423,"z":-0.09996721148490906,"w":0.15633434057235719},"size":4.747591018676758,"orthographic":false}