{"cameraMode":{"drawMode":0,"name":"Shaded","section":"Shading Mode"},"sceneLighting":false,"audioPlay":false,"sceneViewState":{"showFog":true,"showMaterialUpdate":false,"showSkybox":true,"showFlares":true,"showImageEffects":true,"showParticleSystems":true},"in2DMode":false,"pivot":{"x":1.5580737590789796,"y":3.1956787109375,"z":1.086625099182129},"rotation":{"x":0.4287071228027344,"y":0.39781397581100466,"z":-0.21830837428569795,"w":0.7812142968177795},"size":9.879111289978028,"orthographic":false}