{"cameraMode":{"drawMode":0,"name":"Shaded","section":"Shading Mode"},"sceneLighting":false,"audioPlay":false,"sceneViewState":{"showFog":true,"showMaterialUpdate":false,"showSkybox":true,"showFlares":true,"showImageEffects":true,"showParticleSystems":true},"in2DMode":false,"pivot":{"x":-0.000004887580871582031,"y":2.8283207416534426,"z":2.384185791015625e-7},"rotation":{"x":0.18965975940227509,"y":0.18635407090187074,"z":-0.03669022396206856,"w":0.9633042812347412},"size":11.469541549682618,"orthographic":false}