{"cameraMode":{"drawMode":0,"name":"Shaded","section":"Shading Mode"},"sceneLighting":true,"audioPlay":false,"sceneViewState":{"showFog":true,"showMaterialUpdate":false,"showSkybox":true,"showFlares":true,"showImageEffects":true,"showParticleSystems":true},"in2DMode":false,"pivot":{"x":2.2689104080200197,"y":14.891788482666016,"z":19.3435115814209},"rotation":{"x":0.3329309821128845,"y":-0.04947074130177498,"z":0.01750274933874607,"w":0.9414899349212647},"size":81.3624038696289,"orthographic":true}