{"cameraMode":{"drawMode":0,"name":"Shaded","section":"Shading Mode"},"sceneLighting":false,"audioPlay":false,"sceneViewState":{"showFog":true,"showMaterialUpdate":false,"showSkybox":true,"showFlares":true,"showImageEffects":true,"showParticleSystems":true},"in2DMode":false,"pivot":{"x":41.504478454589847,"y":-12.310165405273438,"z":30.566333770751954},"rotation":{"x":-0.38935694098472597,"y":-0.17032726109027863,"z":0.07350604236125946,"w":-0.9022120833396912},"size":120.24026489257813,"orthographic":false}