{"cameraMode":{"drawMode":0,"name":"Shaded","section":"Shading Mode"},"sceneLighting":false,"audioPlay":false,"sceneViewState":{"showFog":true,"showMaterialUpdate":false,"showSkybox":true,"showFlares":true,"showImageEffects":true,"showParticleSystems":true},"in2DMode":false,"pivot":{"x":-28.805740356445314,"y":33.684356689453128,"z":-19.97989845275879},"rotation":{"x":0.19324186444282533,"y":0.4175042510032654,"z":-0.09135058522224426,"w":0.8831776976585388},"size":55.445316314697269,"orthographic":false}