{"cameraMode":{"drawMode":0,"name":"Shaded","section":"Shading Mode"},"sceneLighting":false,"audioPlay":false,"sceneViewState":{"showFog":true,"showMaterialUpdate":false,"showSkybox":true,"showFlares":true,"showImageEffects":true,"showParticleSystems":true},"in2DMode":false,"pivot":{"x":0.7382421493530273,"y":0.1930990219116211,"z":0.40062546730041506},"rotation":{"x":0.5074443221092224,"y":0.3749369978904724,"z":-0.2603233754634857,"w":0.7308586239814758},"size":5.085788726806641,"orthographic":false}